hand_value,is_soft,dealer_upcard,can_double,action,estimated_value,visits
4,False,1,True,HIT,-0.909091,22
4,False,1,True,STAND,-0.703349,209
4,False,1,True,DOUBLE,-0.823529,17
4,False,2,True,HIT,-0.267442,172
4,False,2,True,STAND,-0.700000,20
4,False,2,True,DOUBLE,-0.727273,22
4,False,3,True,HIT,-0.263158,19
4,False,3,True,STAND,-0.047619,63
4,False,3,True,DOUBLE,-0.336000,125
4,False,4,True,HIT,-0.101010,198
4,False,4,True,STAND,-0.500000,16
4,False,4,True,DOUBLE,-1.238095,21
4,False,5,True,HIT,-0.163265,98
4,False,5,True,STAND,-0.075472,106
4,False,5,True,DOUBLE,-1.384615,13
4,False,6,True,HIT,-0.129412,85
4,False,6,True,STAND,-0.409091,44
4,False,6,True,DOUBLE,-0.226087,115
4,False,7,True,HIT,-0.648649,74
4,False,7,True,STAND,-0.724138,58
4,False,7,True,DOUBLE,-0.654545,110
4,False,8,True,HIT,-0.524324,185
4,False,8,True,STAND,-0.642857,28
4,False,8,True,DOUBLE,-2.000000,12
4,False,9,True,HIT,-0.505155,194
4,False,9,True,STAND,-0.714286,7
4,False,9,True,DOUBLE,-1.428571,21
4,False,10,True,HIT,-0.696970,66
4,False,10,True,STAND,-0.544137,759
4,False,10,True,DOUBLE,-1.272727,66
5,False,1,True,HIT,-0.849624,133
5,False,1,True,STAND,-0.761589,302
5,False,1,True,DOUBLE,-1.411765,34
5,False,2,True,HIT,-0.212121,33
5,False,2,True,STAND,-0.232704,318
5,False,2,True,DOUBLE,-0.448980,49
5,False,3,True,HIT,-0.407407,27
5,False,3,True,STAND,-0.224599,374
5,False,3,True,DOUBLE,-0.800000,40
5,False,4,True,HIT,-0.750000,24
5,False,4,True,STAND,-0.195467,353
5,False,4,True,DOUBLE,-0.400000,65
5,False,5,True,HIT,-0.121212,66
5,False,5,True,STAND,-0.111111,324
5,False,5,True,DOUBLE,-1.151515,33
5,False,6,True,HIT,-0.186813,91
5,False,6,True,STAND,-0.080537,298
5,False,6,True,DOUBLE,-0.139535,86
5,False,7,True,HIT,-0.491525,59
5,False,7,True,STAND,-0.415789,380
5,False,7,True,DOUBLE,-0.790698,43
5,False,8,True,HIT,-0.511628,86
5,False,8,True,STAND,-0.478261,368
5,False,8,True,DOUBLE,-1.259259,27
5,False,9,True,HIT,-0.615385,52
5,False,9,True,STAND,-0.608069,347
5,False,9,True,DOUBLE,-0.871795,39
5,False,10,True,HIT,-0.573351,1486
5,False,10,True,STAND,-0.700000,120
5,False,10,True,DOUBLE,-1.247863,117
6,False,1,False,HIT,-0.851852,27
6,False,1,False,STAND,-1.000000,6
6,False,1,True,HIT,-0.724638,414
6,False,1,True,STAND,-0.772059,272
6,False,1,True,DOUBLE,-1.520000,50
6,False,2,False,HIT,-0.000000,20
6,False,2,False,STAND,-1.000000,3
6,False,2,True,HIT,-0.293680,538
6,False,2,True,STAND,-0.365854,82
6,False,2,True,DOUBLE,-0.823529,34
6,False,3,False,HIT,-0.200000,10
6,False,3,False,STAND,-0.090909,11
6,False,3,True,HIT,-0.431373,51
6,False,3,True,STAND,-0.289963,538
6,False,3,True,DOUBLE,-0.336449,107
6,False,4,False,HIT,-0.263158,19
6,False,4,False,STAND,-0.500000,4
6,False,4,True,HIT,-0.123810,105
6,False,4,True,STAND,-0.105660,530
6,False,4,True,DOUBLE,-0.689655,58
6,False,5,False,HIT,-0.333333,6
6,False,5,False,STAND,-0.225806,31
6,False,5,True,HIT,-0.617021,47
6,False,5,True,STAND,-0.200795,503
6,False,5,True,DOUBLE,-0.275229,109
6,False,6,False,HIT,0.217391,23
6,False,6,False,STAND,0.000000,2
6,False,6,True,HIT,-0.245283,53
6,False,6,True,STAND,-0.133208,533
6,False,6,True,DOUBLE,-0.185567,97
6,False,7,False,HIT,-1.000000,3
6,False,7,False,STAND,-0.454545,22
6,False,7,True,HIT,-0.518519,54
6,False,7,True,STAND,-0.381513,595
6,False,7,True,DOUBLE,-0.461538,78
6,False,8,False,HIT,-0.454545,22
6,False,8,False,STAND,-0.500000,4
6,False,8,True,HIT,-0.565909,440
6,False,8,True,STAND,-0.493506,154
6,False,8,True,DOUBLE,-1.018182,55
6,False,9,False,HIT,-0.470588,17
6,False,9,False,STAND,-0.636364,11
6,False,9,True,HIT,-0.515654,543
6,False,9,True,STAND,-0.602649,151
6,False,9,True,DOUBLE,-1.200000,55
6,False,10,False,HIT,-0.375000,104
6,False,10,False,STAND,-0.473684,19
6,False,10,True,HIT,-0.558394,274
6,False,10,True,STAND,-0.553063,2318
6,False,10,True,DOUBLE,-1.090909,209
7,False,1,False,HIT,-0.900000,10
7,False,1,False,STAND,-0.658537,82
7,False,1,True,HIT,-0.739474,380
7,False,1,True,STAND,-0.761194,402
7,False,1,True,DOUBLE,-1.371429,70
7,False,2,False,HIT,-0.125000,16
7,False,2,False,STAND,-0.068182,88
7,False,2,True,HIT,-0.194236,798
7,False,2,True,STAND,-0.291139,79
7,False,2,True,DOUBLE,-0.578947,76
7,False,3,False,HIT,0.172414,58
7,False,3,False,STAND,-0.222222,18
7,False,3,True,HIT,-0.154599,511
7,False,3,True,STAND,-0.248677,378
7,False,3,True,DOUBLE,-0.545455,55
7,False,4,False,HIT,-0.142857,21
7,False,4,False,STAND,-0.093333,75
7,False,4,True,HIT,-0.136483,762
7,False,4,True,STAND,-0.254902,51
7,False,4,True,DOUBLE,-0.468750,64
7,False,5,False,HIT,-0.028986,69
7,False,5,False,STAND,-0.250000,8
7,False,5,True,HIT,-0.338462,65
7,False,5,True,STAND,-0.174079,787
7,False,5,True,DOUBLE,-0.406780,59
7,False,6,False,HIT,-0.428571,7
7,False,6,False,STAND,-0.179487,78
7,False,6,True,HIT,-0.164384,73
7,False,6,True,STAND,-0.403509,57
7,False,6,True,DOUBLE,-0.027548,726
7,False,7,False,HIT,-0.287879,66
7,False,7,False,STAND,-0.285714,14
7,False,7,True,HIT,-0.284211,760
7,False,7,True,STAND,-0.476923,65
7,False,7,True,DOUBLE,-0.508475,118
7,False,8,False,HIT,-0.689655,29
7,False,8,False,STAND,-0.480000,50
7,False,8,True,HIT,-0.373427,715
7,False,8,True,STAND,-0.423729,118
7,False,8,True,DOUBLE,-0.811594,69
7,False,9,False,HIT,-0.777778,9
7,False,9,False,STAND,-0.526882,93
7,False,9,True,HIT,-0.462833,713
7,False,9,True,STAND,-0.516779,149
7,False,9,True,DOUBLE,-0.968750,64
7,False,10,False,HIT,-0.613333,75
7,False,10,False,STAND,-0.600000,270
7,False,10,True,HIT,-0.521668,3046
7,False,10,True,STAND,-0.566474,346
7,False,10,True,DOUBLE,-1.088608,237
8,False,1,False,HIT,-0.523490,149
8,False,1,False,STAND,-0.800000,20
8,False,1,True,HIT,-0.532453,909
8,False,1,True,STAND,-0.765306,196
8,False,1,True,DOUBLE,-0.897436,78
8,False,2,False,HIT,-0.134615,104
8,False,2,False,STAND,-0.232877,73
8,False,2,True,HIT,-0.119949,792
8,False,2,True,STAND,-0.278481,158
8,False,2,True,DOUBLE,-0.265734,143
8,False,3,False,HIT,-0.096552,145
8,False,3,False,STAND,-0.333333,27
8,False,3,True,HIT,-0.186528,193
8,False,3,True,STAND,-0.276596,94
8,False,3,True,DOUBLE,-0.106568,807
8,False,4,False,HIT,-0.014085,142
8,False,4,False,STAND,-0.250000,16
8,False,4,True,HIT,-0.035204,909
8,False,4,True,STAND,-0.280899,89
8,False,4,True,DOUBLE,-0.160000,175
8,False,5,False,HIT,-0.210526,19
8,False,5,False,STAND,-0.093168,161
8,False,5,True,HIT,0.071429,896
8,False,5,True,STAND,-0.242424,66
8,False,5,True,DOUBLE,-0.037037,162
8,False,6,False,HIT,0.027027,148
8,False,6,False,STAND,-0.500000,20
8,False,6,True,HIT,0.011364,88
8,False,6,True,STAND,-0.277778,72
8,False,6,True,DOUBLE,0.099318,1027
8,False,7,False,HIT,-0.062069,145
8,False,7,False,STAND,-0.545455,22
8,False,7,True,HIT,-0.232877,73
8,False,7,True,STAND,-0.583333,72
8,False,7,True,DOUBLE,-0.226531,980
8,False,8,False,HIT,-0.099291,141
8,False,8,False,STAND,-0.222222,18
8,False,8,True,HIT,-0.226226,999
8,False,8,True,STAND,-0.441860,86
8,False,8,True,DOUBLE,-0.637681,69
8,False,9,False,HIT,-0.379085,153
8,False,9,False,STAND,-0.692308,13
8,False,9,True,HIT,-0.354269,1019
8,False,9,True,STAND,-0.610390,77
8,False,9,True,DOUBLE,-0.721311,61
8,False,10,False,HIT,-0.380357,560
8,False,10,False,STAND,-0.608247,97
8,False,10,True,HIT,-0.419183,3941
8,False,10,True,STAND,-0.532544,338
8,False,10,True,DOUBLE,-0.724014,279
9,False,1,False,HIT,-0.484615,260
9,False,1,False,STAND,-0.818182,33
9,False,1,True,HIT,-0.428333,1200
9,False,1,True,STAND,-0.853659,82
9,False,1,True,DOUBLE,-1.325000,80
9,False,2,False,HIT,0.012195,246
9,False,2,False,STAND,-0.419355,31
9,False,2,True,HIT,-0.040404,99
9,False,2,True,STAND,-0.284211,95
9,False,2,True,DOUBLE,0.059423,1178
9,False,3,False,HIT,-0.004098,244
9,False,3,False,STAND,-0.500000,24
9,False,3,True,HIT,0.028846,104
9,False,3,True,STAND,-0.200000,95
9,False,3,True,DOUBLE,0.144014,1111
9,False,4,False,HIT,0.068966,261
9,False,4,False,STAND,-0.500000,24
9,False,4,True,HIT,0.137255,102
9,False,4,True,STAND,-0.135802,81
9,False,4,True,DOUBLE,0.255283,1183
9,False,5,False,HIT,0.157706,279
9,False,5,False,STAND,-0.393939,33
9,False,5,True,HIT,0.121972,1197
9,False,5,True,STAND,-0.300000,100
9,False,5,True,DOUBLE,-0.057143,105
9,False,6,False,HIT,0.134921,252
9,False,6,False,STAND,-0.185185,54
9,False,6,True,HIT,0.081633,98
9,False,6,True,STAND,-0.181818,88
9,False,6,True,DOUBLE,0.273632,1206
9,False,7,False,HIT,0.141700,247
9,False,7,False,STAND,-0.454545,33
9,False,7,True,HIT,0.073251,1215
9,False,7,True,STAND,-0.433628,113
9,False,7,True,DOUBLE,-0.071429,112
9,False,8,False,HIT,0.016393,244
9,False,8,False,STAND,-0.777778,27
9,False,8,True,HIT,0.002762,724
9,False,8,True,STAND,-0.517241,116
9,False,8,True,DOUBLE,0.052910,567
9,False,9,False,HIT,-0.140794,277
9,False,9,False,STAND,-0.416667,24
9,False,9,True,HIT,-0.147327,767
9,False,9,True,STAND,-0.607477,107
9,False,9,True,DOUBLE,-0.280488,492
9,False,10,False,HIT,-0.292919,1031
9,False,10,False,STAND,-0.546875,128
9,False,10,True,HIT,-0.287478,4616
9,False,10,True,STAND,-0.563830,376
9,False,10,True,DOUBLE,-0.603922,510
10,False,1,False,HIT,-0.327320,388
10,False,1,False,STAND,-0.787234,47
10,False,1,True,HIT,-0.309580,1263
10,False,1,True,STAND,-0.805825,103
10,False,1,True,DOUBLE,-0.662651,166
10,False,2,False,HIT,0.173333,375
10,False,2,False,STAND,-0.162791,43
10,False,2,True,HIT,0.053030,132
10,False,2,True,STAND,-0.360000,100
10,False,2,True,DOUBLE,0.452906,1497
10,False,3,False,HIT,0.189055,402
10,False,3,False,STAND,-0.317073,41
10,False,3,True,HIT,0.248082,391
10,False,3,True,STAND,-0.113043,115
10,False,3,True,DOUBLE,0.405745,1114
10,False,4,False,HIT,0.357143,364
10,False,4,False,STAND,-0.142857,35
10,False,4,True,HIT,0.254902,102
10,False,4,True,STAND,-0.252747,91
10,False,4,True,DOUBLE,0.462209,1376
10,False,5,False,HIT,0.314214,401
10,False,5,False,STAND,-0.250000,48
10,False,5,True,HIT,0.327586,116
10,False,5,True,STAND,-0.118110,127
10,False,5,True,DOUBLE,0.482657,1355
10,False,6,False,HIT,0.340314,382
10,False,6,False,STAND,0.045455,44
10,False,6,True,HIT,0.250000,108
10,False,6,True,STAND,-0.139785,93
10,False,6,True,DOUBLE,0.544582,1458
10,False,7,False,HIT,0.194521,365
10,False,7,False,STAND,-0.368421,57
10,False,7,True,HIT,0.153061,98
10,False,7,True,STAND,-0.474576,118
10,False,7,True,DOUBLE,0.391144,1355
10,False,8,False,HIT,0.200000,290
10,False,8,False,STAND,-0.593220,118
10,False,8,True,HIT,0.191450,538
10,False,8,True,STAND,-0.559633,109
10,False,8,True,DOUBLE,0.277419,930
10,False,9,False,HIT,0.149171,362
10,False,9,False,STAND,-0.541667,48
10,False,9,True,HIT,0.013216,1362
10,False,9,True,STAND,-0.447619,105
10,False,9,True,DOUBLE,0.000000,121
10,False,10,False,HIT,-0.063930,1486
10,False,10,False,STAND,-0.506024,166
10,False,10,True,HIT,-0.097076,5336
10,False,10,True,STAND,-0.559242,422
10,False,10,True,DOUBLE,-0.155116,606
11,False,1,False,HIT,-0.237132,544
11,False,1,False,STAND,-0.728814,59
11,False,1,True,HIT,-0.250483,1553
11,False,1,True,STAND,-0.792000,125
11,False,1,True,DOUBLE,-0.517647,170
11,False,2,False,HIT,0.224206,504
11,False,2,False,STAND,-0.200000,95
11,False,2,True,HIT,0.286765,136
11,False,2,True,STAND,-0.243243,111
11,False,2,True,DOUBLE,0.472982,1573
11,False,3,False,HIT,0.260521,499
11,False,3,False,STAND,-0.142857,70
11,False,3,True,HIT,0.243478,115
11,False,3,True,STAND,-0.344828,116
11,False,3,True,DOUBLE,0.526384,1535
11,False,4,False,HIT,0.256098,492
11,False,4,False,STAND,-0.428571,63
11,False,4,True,HIT,0.252688,186
11,False,4,True,STAND,-0.225225,111
11,False,4,True,DOUBLE,0.608696,1587
11,False,5,False,HIT,0.396104,462
11,False,5,False,STAND,-0.154930,71
11,False,5,True,HIT,0.397661,513
11,False,5,True,STAND,-0.284672,137
11,False,5,True,DOUBLE,0.608696,1104
11,False,6,False,HIT,0.382979,517
11,False,6,False,STAND,-0.321429,56
11,False,6,True,HIT,0.226562,128
11,False,6,True,STAND,-0.272727,121
11,False,6,True,DOUBLE,0.680796,1557
11,False,7,False,HIT,0.287072,526
11,False,7,False,STAND,-0.640000,50
11,False,7,True,HIT,0.112245,98
11,False,7,True,STAND,-0.462069,145
11,False,7,True,DOUBLE,0.450794,1575
11,False,8,False,HIT,0.159259,540
11,False,8,False,STAND,-0.595238,84
11,False,8,True,HIT,0.180115,1388
11,False,8,True,STAND,-0.484375,128
11,False,8,True,DOUBLE,0.342508,327
11,False,9,False,HIT,0.082437,558
11,False,9,False,STAND,-0.534247,73
11,False,9,True,HIT,0.172436,1560
11,False,9,True,STAND,-0.426230,122
11,False,9,True,DOUBLE,0.163934,122
11,False,10,False,HIT,0.015493,2130
11,False,10,False,STAND,-0.601810,221
11,False,10,True,HIT,-0.009086,5943
11,False,10,True,STAND,-0.546185,498
11,False,10,True,DOUBLE,-0.104634,669
12,False,1,False,HIT,-0.587382,1585
12,False,1,False,STAND,-0.720000,250
12,False,1,True,HIT,-0.602426,2968
12,False,1,True,STAND,-0.787879,264
12,False,1,True,DOUBLE,-1.310345,232
12,False,2,False,HIT,-0.253488,1720
12,False,2,False,STAND,-0.310000,200
12,False,2,True,HIT,-0.260413,2761
12,False,2,True,STAND,-0.418182,220
12,False,2,True,DOUBLE,-0.361446,415
12,False,3,False,HIT,-0.188082,1611
12,False,3,False,STAND,-0.316872,243
12,False,3,True,HIT,-0.225899,2780
12,False,3,True,STAND,-0.253333,225
12,False,3,True,DOUBLE,-0.422287,341
12,False,4,False,HIT,-0.370968,186
12,False,4,False,STAND,-0.222154,1625
12,False,4,True,HIT,-0.302326,258
12,False,4,True,STAND,-0.209175,2921
12,False,4,True,DOUBLE,-0.522124,226
12,False,5,False,HIT,-0.180760,1632
12,False,5,False,STAND,-0.241026,195
12,False,5,True,HIT,-0.199396,331
12,False,5,True,STAND,-0.153254,2858
12,False,5,True,DOUBLE,-0.340807,223
12,False,6,False,HIT,-0.119369,444
12,False,6,False,STAND,-0.110294,1360
12,False,6,True,HIT,-0.161064,2856
12,False,6,True,STAND,-0.244813,241
12,False,6,True,DOUBLE,-0.325424,295
12,False,7,False,HIT,-0.261025,1678
12,False,7,False,STAND,-0.478723,188
12,False,7,True,HIT,-0.260116,2941
12,False,7,True,STAND,-0.453782,238
12,False,7,True,DOUBLE,-0.336700,297
12,False,8,False,HIT,-0.304648,1592
12,False,8,False,STAND,-0.510000,200
12,False,8,True,HIT,-0.291371,2677
12,False,8,True,STAND,-0.579399,233
12,False,8,True,DOUBLE,-0.445833,480
12,False,9,False,HIT,-0.384067,1544
12,False,9,False,STAND,-0.497006,167
12,False,9,True,HIT,-0.375167,2996
12,False,9,True,STAND,-0.684685,222
12,False,9,True,DOUBLE,-1.021097,237
12,False,10,False,HIT,-0.451008,6501
12,False,10,False,STAND,-0.528947,760
12,False,10,True,HIT,-0.449626,11772
12,False,10,True,STAND,-0.606522,920
12,False,10,True,DOUBLE,-0.957806,948
12,True,1,True,HIT,-0.424581,179
12,True,1,True,STAND,-0.714286,14
12,True,1,True,DOUBLE,-1.555556,18
12,True,2,True,HIT,0.026316,190
12,True,2,True,STAND,-0.066667,30
12,True,2,True,DOUBLE,-0.105263,19
12,True,3,True,HIT,-0.111111,36
12,True,3,True,STAND,-0.222222,18
12,True,3,True,DOUBLE,-0.129730,185
12,True,4,True,HIT,0.090909,66
12,True,4,True,STAND,-0.368421,19
12,True,4,True,DOUBLE,-0.103448,116
12,True,5,True,HIT,0.095238,21
12,True,5,True,STAND,-0.200000,15
12,True,5,True,DOUBLE,0.210526,190
12,True,6,True,HIT,0.116402,189
12,True,6,True,STAND,-0.777778,9
12,True,6,True,DOUBLE,-0.000000,10
12,True,7,True,HIT,-0.217391,23
12,True,7,True,STAND,-0.666667,30
12,True,7,True,DOUBLE,-0.188679,159
12,True,8,True,HIT,-0.193182,176
12,True,8,True,STAND,-0.714286,14
12,True,8,True,DOUBLE,-0.200000,20
12,True,9,True,HIT,-0.210811,185
12,True,9,True,STAND,-0.789474,19
12,True,9,True,DOUBLE,-0.256410,39
12,True,10,True,HIT,-0.328477,755
12,True,10,True,STAND,-0.379310,58
12,True,10,True,DOUBLE,-0.825000,80
13,False,1,False,HIT,-0.602246,2137
13,False,1,False,STAND,-0.794239,243
13,False,1,True,HIT,-0.610417,2803
13,False,1,True,STAND,-0.761468,218
13,False,1,True,DOUBLE,-1.223214,224
13,False,2,False,HIT,-0.328185,259
13,False,2,False,STAND,-0.272993,2055
13,False,2,True,HIT,-0.288520,2291
13,False,2,True,STAND,-0.352273,704
13,False,2,True,DOUBLE,-0.552036,221
13,False,3,False,HIT,-0.276434,2109
13,False,3,False,STAND,-0.297710,262
13,False,3,True,HIT,-0.283388,307
13,False,3,True,STAND,-0.251170,2564
13,False,3,True,DOUBLE,-0.475309,324
13,False,4,False,HIT,-0.294728,1157
13,False,4,False,STAND,-0.187063,1144
13,False,4,True,HIT,-0.197183,213
13,False,4,True,STAND,-0.230988,2814
13,False,4,True,DOUBLE,-0.629108,213
13,False,5,False,HIT,-0.213592,309
13,False,5,False,STAND,-0.168766,1985
13,False,5,True,HIT,-0.293722,446
13,False,5,True,STAND,-0.191489,2538
13,False,5,True,DOUBLE,-0.772727,220
13,False,6,False,HIT,-0.193966,232
13,False,6,False,STAND,-0.125189,1989
13,False,6,True,HIT,-0.255605,223
13,False,6,True,STAND,-0.155732,2774
13,False,6,True,DOUBLE,-0.476987,239
13,False,7,False,HIT,-0.288004,2059
13,False,7,False,STAND,-0.538462,221
13,False,7,True,HIT,-0.293899,2688
13,False,7,True,STAND,-0.464151,265
13,False,7,True,DOUBLE,-0.412017,233
13,False,8,False,HIT,-0.334398,1878
13,False,8,False,STAND,-0.472393,326
13,False,8,True,HIT,-0.338670,2811
13,False,8,True,STAND,-0.540816,196
13,False,8,True,DOUBLE,-0.635514,214
13,False,9,False,HIT,-0.387735,2071
13,False,9,False,STAND,-0.506494,231
13,False,9,True,HIT,-0.447016,2463
13,False,9,True,STAND,-0.600000,550
13,False,9,True,DOUBLE,-0.845528,246
13,False,10,False,HIT,-0.498148,8100
13,False,10,False,STAND,-0.576585,1025
13,False,10,True,HIT,-0.475158,11110
13,False,10,True,STAND,-0.589862,868
13,False,10,True,DOUBLE,-1.024677,851
13,True,1,False,HIT,-0.647059,17
13,True,1,False,STAND,-0.500000,12
13,True,1,True,HIT,-0.560127,316
13,True,1,True,STAND,-0.714286,91
13,True,1,True,DOUBLE,-1.230769,52
13,True,2,False,HIT,0.133333,30
13,True,2,False,STAND,-1.000000,1
13,True,2,True,HIT,-0.089286,56
13,True,2,True,STAND,-0.407407,27
13,True,2,True,DOUBLE,-0.046392,388
13,True,3,False,HIT,-0.315789,19
13,True,3,False,STAND,-0.666667,6
13,True,3,True,HIT,-0.027586,145
13,True,3,True,STAND,-0.371429,35
13,True,3,True,DOUBLE,0.106007,283
13,True,4,False,HIT,-0.142857,21
13,True,4,False,STAND,-0.142857,14
13,True,4,True,HIT,-0.009375,320
13,True,4,True,STAND,-0.200000,40
13,True,4,True,DOUBLE,-0.000000,95
13,True,5,False,HIT,0.187500,16
13,True,5,False,STAND,-0.600000,5
13,True,5,True,HIT,0.061697,389
13,True,5,True,STAND,-0.437500,32
13,True,5,True,DOUBLE,-0.062500,32
13,True,6,False,HIT,-0.062500,16
13,True,6,False,STAND,-0.200000,15
13,True,6,True,HIT,-0.107143,28
13,True,6,True,STAND,-0.218391,87
13,True,6,True,DOUBLE,0.087464,343
13,True,7,False,HIT,0.025641,39
13,True,7,False,STAND,-0.428571,7
13,True,7,True,HIT,-0.042424,330
13,True,7,True,STAND,-0.652174,23
13,True,7,True,DOUBLE,-0.233333,60
13,True,8,False,HIT,0.240000,25
13,True,8,False,STAND,-0.500000,4
13,True,8,True,HIT,-0.188776,392
13,True,8,True,STAND,-0.448276,29
13,True,8,True,DOUBLE,-0.750000,40
13,True,9,False,HIT,-0.777778,18
13,True,9,False,STAND,-0.375000,16
13,True,9,True,HIT,-0.223097,381
13,True,9,True,STAND,-0.515152,33
13,True,9,True,DOUBLE,-1.058824,17
13,True,10,False,HIT,-0.358025,81
13,True,10,False,STAND,-0.461538,26
13,True,10,True,HIT,-0.356207,1603
13,True,10,True,STAND,-0.588785,107
13,True,10,True,DOUBLE,-0.771930,114
14,False,1,False,HIT,-0.633495,2472
14,False,1,False,STAND,-0.784314,306
14,False,1,True,HIT,-0.653553,2491
14,False,1,True,STAND,-0.683761,234
14,False,1,True,DOUBLE,-1.118280,186
14,False,2,False,HIT,-0.340000,250
14,False,2,False,STAND,-0.309061,2472
14,False,2,True,HIT,-0.260215,465
14,False,2,True,STAND,-0.296771,2261
14,False,2,True,DOUBLE,-0.780488,205
14,False,3,False,HIT,-0.303297,455
14,False,3,False,STAND,-0.286278,2281
14,False,3,True,HIT,-0.347222,216
14,False,3,True,STAND,-0.253754,2597
14,False,3,True,DOUBLE,-0.694064,219
14,False,4,False,HIT,-0.393281,506
14,False,4,False,STAND,-0.222468,2261
14,False,4,True,HIT,-0.240000,225
14,False,4,True,STAND,-0.203953,2530
14,False,4,True,DOUBLE,-0.812500,192
14,False,5,False,HIT,-0.364516,310
14,False,5,False,STAND,-0.205753,2503
14,False,5,True,HIT,-0.383673,245
14,False,5,True,STAND,-0.160806,2531
14,False,5,True,DOUBLE,-0.886598,194
14,False,6,False,HIT,-0.375000,264
14,False,6,False,STAND,-0.132559,2497
14,False,6,True,HIT,-0.427928,222
14,False,6,True,STAND,-0.192835,2624
14,False,6,True,DOUBLE,-0.708333,192
14,False,7,False,HIT,-0.318273,2501
14,False,7,False,STAND,-0.451505,299
14,False,7,True,HIT,-0.341450,1848
14,False,7,True,STAND,-0.516199,926
14,False,7,True,DOUBLE,-0.635983,239
14,False,8,False,HIT,-0.405545,2525
14,False,8,False,STAND,-0.537954,303
14,False,8,True,HIT,-0.417638,2574
14,False,8,True,STAND,-0.553398,206
14,False,8,True,DOUBLE,-0.597015,201
14,False,9,False,HIT,-0.434433,2486
14,False,9,False,STAND,-0.555556,306
14,False,9,True,HIT,-0.442698,2417
14,False,9,True,STAND,-0.668394,193
14,False,9,True,DOUBLE,-0.763077,325
14,False,10,False,HIT,-0.514312,9712
14,False,10,False,STAND,-0.531989,1141
14,False,10,True,HIT,-0.506920,10404
14,False,10,True,STAND,-0.598945,758
14,False,10,True,DOUBLE,-0.913495,867
14,True,1,False,HIT,-0.443038,79
14,True,1,False,STAND,-1.000000,9
14,True,1,True,HIT,-0.452991,351
14,True,1,True,STAND,-0.840000,50
14,True,1,True,DOUBLE,-1.405405,37
14,True,2,False,HIT,0.075000,40
14,True,2,False,STAND,-0.333333,45
14,True,2,True,HIT,0.020747,241
14,True,2,True,STAND,-0.375000,128
14,True,2,True,DOUBLE,-0.395833,96
14,True,3,False,HIT,-0.144928,69
14,True,3,False,STAND,-0.636364,11
14,True,3,True,HIT,-0.306122,49
14,True,3,True,STAND,-0.252174,345
14,True,3,True,DOUBLE,-0.354839,62
14,True,4,False,HIT,0.151899,79
14,True,4,False,STAND,-0.090909,11
14,True,4,True,HIT,0.096104,385
14,True,4,True,STAND,-0.500000,28
14,True,4,True,DOUBLE,-0.185185,54
14,True,5,False,HIT,0.063830,94
14,True,5,False,STAND,-0.777778,9
14,True,5,True,HIT,0.155388,399
14,True,5,True,STAND,-0.172414,29
14,True,5,True,DOUBLE,-0.060606,33
14,True,6,False,HIT,0.222222,81
14,True,6,False,STAND,-0.800000,10
14,True,6,True,HIT,0.065395,367
14,True,6,True,STAND,-0.266667,30
14,True,6,True,DOUBLE,-0.078431,51
14,True,7,False,HIT,-0.294118,51
14,True,7,False,STAND,-0.333333,18
14,True,7,True,HIT,-0.173913,46
14,True,7,True,STAND,-0.285714,28
14,True,7,True,DOUBLE,-0.144044,361
14,True,8,False,HIT,-0.283784,74
14,True,8,False,STAND,-0.636364,11
14,True,8,True,HIT,-0.202597,385
14,True,8,True,STAND,-0.266667,30
14,True,8,True,DOUBLE,-0.275862,29
14,True,9,False,HIT,-0.294118,68
14,True,9,False,STAND,-0.636364,11
14,True,9,True,HIT,-0.220721,444
14,True,9,True,STAND,-0.444444,36
14,True,9,True,DOUBLE,-1.000000,38
14,True,10,False,HIT,-0.293860,228
14,True,10,False,STAND,-0.431034,116
14,True,10,True,HIT,-0.287273,1375
14,True,10,True,STAND,-0.544828,145
14,True,10,True,DOUBLE,-0.354331,254
15,False,1,False,HIT,-0.635511,2771
15,False,1,False,STAND,-0.768293,328
15,False,1,True,HIT,-0.623903,2393
15,False,1,True,STAND,-0.785311,177
15,False,1,True,DOUBLE,-1.082873,181
15,False,2,False,HIT,-0.395470,574
15,False,2,False,STAND,-0.267304,2615
15,False,2,True,HIT,-0.438202,178
15,False,2,True,STAND,-0.283992,2405
15,False,2,True,DOUBLE,-0.692683,205
15,False,3,False,HIT,-0.435811,296
15,False,3,False,STAND,-0.247895,2731
15,False,3,True,HIT,-0.306723,238
15,False,3,True,STAND,-0.233069,2274
15,False,3,True,DOUBLE,-0.850877,228
15,False,4,False,HIT,-0.386555,357
15,False,4,False,STAND,-0.199282,2785
15,False,4,True,HIT,-0.338710,186
15,False,4,True,STAND,-0.181242,2367
15,False,4,True,DOUBLE,-0.782123,179
15,False,5,False,HIT,-0.433121,314
15,False,5,False,STAND,-0.169455,2750
15,False,5,True,HIT,-0.311966,234
15,False,5,True,STAND,-0.173228,2286
15,False,5,True,DOUBLE,-0.883978,181
15,False,6,False,HIT,-0.284369,531
15,False,6,False,STAND,-0.125806,2480
15,False,6,True,HIT,-0.383178,321
15,False,6,True,STAND,-0.174033,2172
15,False,6,True,DOUBLE,-0.704403,159
15,False,7,False,HIT,-0.337262,2630
15,False,7,False,STAND,-0.505017,299
15,False,7,True,HIT,-0.404125,2279
15,False,7,True,STAND,-0.502591,193
15,False,7,True,DOUBLE,-0.801843,217
15,False,8,False,HIT,-0.423063,2723
15,False,8,False,STAND,-0.514019,321
15,False,8,True,HIT,-0.413303,2180
15,False,8,True,STAND,-0.522613,398
15,False,8,True,DOUBLE,-0.781065,169
15,False,9,False,HIT,-0.461484,2817
15,False,9,False,STAND,-0.591549,284
15,False,9,True,HIT,-0.495668,2193
15,False,9,True,STAND,-0.518152,303
15,False,9,True,DOUBLE,-0.959596,198
15,False,10,False,HIT,-0.534316,10928
15,False,10,False,STAND,-0.580923,1279
15,False,10,True,HIT,-0.534207,9004
15,False,10,True,STAND,-0.602660,1203
15,False,10,True,DOUBLE,-1.119891,734
15,True,1,False,HIT,-0.490196,153
15,True,1,False,STAND,-0.750000,16
15,True,1,True,HIT,-0.481203,399
15,True,1,True,STAND,-0.741935,31
15,True,1,True,DOUBLE,-0.625000,32
15,True,2,False,HIT,-0.100775,129
15,True,2,False,STAND,-0.411765,51
15,True,2,True,HIT,-0.181818,77
15,True,2,True,STAND,-0.400000,40
15,True,2,True,DOUBLE,-0.065934,364
15,True,3,False,HIT,-0.088000,125
15,True,3,False,STAND,-0.114754,61
15,True,3,True,HIT,0.119186,344
15,True,3,True,STAND,-0.459459,37
15,True,3,True,DOUBLE,-0.261905,84
15,True,4,False,HIT,0.029412,170
15,True,4,False,STAND,-0.200000,15
15,True,4,True,HIT,0.031414,382
15,True,4,True,STAND,-0.257143,35
15,True,4,True,DOUBLE,0.000000,35
15,True,5,False,HIT,0.033333,120
15,True,5,False,STAND,-0.246377,69
15,True,5,True,HIT,0.128852,357
15,True,5,True,STAND,-0.096774,31
15,True,5,True,DOUBLE,0.121212,66
15,True,6,False,HIT,0.042373,118
15,True,6,False,STAND,-0.014925,67
15,True,6,True,HIT,-0.153846,26
15,True,6,True,STAND,-0.026316,76
15,True,6,True,DOUBLE,0.234973,366
15,True,7,False,HIT,-0.087500,160
15,True,7,False,STAND,-0.619048,21
15,True,7,True,HIT,-0.093199,397
15,True,7,True,STAND,-0.655172,29
15,True,7,True,DOUBLE,-0.212766,47
15,True,8,False,HIT,-0.243421,152
15,True,8,False,STAND,-0.714286,14
15,True,8,True,HIT,-0.078313,166
15,True,8,True,STAND,-0.454545,253
15,True,8,True,DOUBLE,-0.400000,40
15,True,9,False,HIT,-0.312102,157
15,True,9,False,STAND,-0.714286,21
15,True,9,True,HIT,-0.244275,262
15,True,9,True,STAND,-0.648855,131
15,True,9,True,DOUBLE,-0.418605,43
15,True,10,False,HIT,-0.291457,597
15,True,10,False,STAND,-0.706667,75
15,True,10,True,HIT,-0.330739,1542
15,True,10,True,STAND,-0.529412,136
15,True,10,True,DOUBLE,-0.427481,131
16,False,1,False,HIT,-0.664945,2904
16,False,1,False,STAND,-0.777262,431
16,False,1,True,HIT,-0.646610,2227
16,False,1,True,STAND,-0.838509,161
16,False,1,True,DOUBLE,-1.365517,145
16,False,2,False,HIT,-0.435268,448
16,False,2,False,STAND,-0.283572,2867
16,False,2,True,HIT,-0.475751,433
16,False,2,True,STAND,-0.288961,1848
16,False,2,True,DOUBLE,-1.041916,167
16,False,3,False,HIT,-0.470914,361
16,False,3,False,STAND,-0.242078,3061
16,False,3,True,HIT,-0.455056,178
16,False,3,True,STAND,-0.223866,2095
16,False,3,True,DOUBLE,-0.987805,164
16,False,4,False,HIT,-0.394030,335
16,False,4,False,STAND,-0.209209,2997
16,False,4,True,HIT,-0.375000,168
16,False,4,True,STAND,-0.226135,2158
16,False,4,True,DOUBLE,-0.860927,151
16,False,5,False,HIT,-0.417391,345
16,False,5,False,STAND,-0.150318,2987
16,False,5,True,HIT,-0.380814,344
16,False,5,True,STAND,-0.116279,1935
16,False,5,True,DOUBLE,-0.815287,157
16,False,6,False,HIT,-0.404255,329
16,False,6,False,STAND,-0.144909,3064
16,False,6,True,HIT,-0.313099,313
16,False,6,True,STAND,-0.139266,1989
16,False,6,True,DOUBLE,-1.072848,151
16,False,7,False,HIT,-0.381437,3049
16,False,7,False,STAND,-0.484765,361
16,False,7,True,HIT,-0.386705,2061
16,False,7,True,STAND,-0.575758,231
16,False,7,True,DOUBLE,-0.814371,167
16,False,8,False,HIT,-0.482421,2759
16,False,8,False,STAND,-0.503289,608
16,False,8,True,HIT,-0.441150,2192
16,False,8,True,STAND,-0.488152,211
16,False,8,True,DOUBLE,-0.802469,162
16,False,9,False,HIT,-0.535960,1599
16,False,9,False,STAND,-0.555674,1877
16,False,9,True,HIT,-0.496434,2103
16,False,9,True,STAND,-0.500000,252
16,False,9,True,DOUBLE,-1.081081,185
16,False,10,False,HIT,-0.570849,5914
16,False,10,False,STAND,-0.561295,7782
16,False,10,True,HIT,-0.574183,4772
16,False,10,True,STAND,-0.569883,4622
16,False,10,True,DOUBLE,-1.189681,659
16,True,1,False,HIT,-0.586047,215
16,True,1,False,STAND,-0.714286,35
16,True,1,True,HIT,-0.514212,387
16,True,1,True,STAND,-0.650000,40
16,True,1,True,DOUBLE,-0.979592,49
16,True,2,False,HIT,0.125000,200
16,True,2,False,STAND,-0.212121,66
16,True,2,True,HIT,0.050000,360
16,True,2,True,STAND,-0.190476,42
16,True,2,True,DOUBLE,-0.318182,44
16,True,3,False,HIT,0.077586,232
16,True,3,False,STAND,-0.062500,32
16,True,3,True,HIT,0.045977,348
16,True,3,True,STAND,-0.054545,55
16,True,3,True,DOUBLE,-0.322581,62
16,True,4,False,HIT,0.101124,178
16,True,4,False,STAND,-0.102564,78
16,True,4,True,HIT,-0.103448,29
16,True,4,True,STAND,-0.333333,27
16,True,4,True,DOUBLE,0.005195,385
16,True,5,False,HIT,0.084577,201
16,True,5,False,STAND,-0.265306,49
16,True,5,True,HIT,0.002717,368
16,True,5,True,STAND,-0.166667,48
16,True,5,True,DOUBLE,-0.222222,54
16,True,6,False,HIT,0.087719,228
16,True,6,False,STAND,-0.405405,37
16,True,6,True,HIT,-0.011976,167
16,True,6,True,STAND,-0.071429,56
16,True,6,True,DOUBLE,0.160338,237
16,True,7,False,HIT,-0.089362,235
16,True,7,False,STAND,-0.354839,31
16,True,7,True,HIT,-0.063660,377
16,True,7,True,STAND,-0.210526,38
16,True,7,True,DOUBLE,-0.814815,27
16,True,8,False,HIT,-0.208889,225
16,True,8,False,STAND,-0.760000,25
16,True,8,True,HIT,-0.121951,369
16,True,8,True,STAND,-0.388889,36
16,True,8,True,DOUBLE,-0.250000,56
16,True,9,False,HIT,-0.331858,226
16,True,9,False,STAND,-0.500000,32
16,True,9,True,HIT,-0.316265,332
16,True,9,True,STAND,-0.555556,144
16,True,9,True,DOUBLE,-0.647059,34
16,True,10,False,HIT,-0.347882,779
16,True,10,False,STAND,-0.522843,197
16,True,10,True,HIT,-0.341480,1473
16,True,10,True,STAND,-0.526316,152
16,True,10,True,DOUBLE,-0.689076,119
17,False,1,False,HIT,-0.698073,467
17,False,1,False,STAND,-0.660236,3214
17,False,1,True,HIT,-0.714286,154
17,False,1,True,STAND,-0.607325,1966
17,False,1,True,DOUBLE,-1.267606,142
17,False,2,False,HIT,-0.487923,414
17,False,2,False,STAND,-0.150277,3254
17,False,2,True,HIT,-0.579787,188
17,False,2,True,STAND,-0.169921,1895
17,False,2,True,DOUBLE,-0.828025,157
17,False,3,False,HIT,-0.541562,397
17,False,3,False,STAND,-0.129313,3217
17,False,3,True,HIT,-0.515152,165
17,False,3,True,STAND,-0.125255,1964
17,False,3,True,DOUBLE,-1.207317,164
17,False,4,False,HIT,-0.523677,359
17,False,4,False,STAND,-0.073394,3270
17,False,4,True,HIT,-0.540000,150
17,False,4,True,STAND,-0.099433,1941
17,False,4,True,DOUBLE,-1.018634,161
17,False,5,False,HIT,-0.452926,393
17,False,5,False,STAND,-0.056142,3313
17,False,5,True,HIT,-0.426036,169
17,False,5,True,STAND,-0.049536,1938
17,False,5,True,DOUBLE,-1.275168,149
17,False,6,False,HIT,-0.526912,353
17,False,6,False,STAND,0.011667,3257
17,False,6,True,HIT,-0.557143,140
17,False,6,True,STAND,0.009739,1951
17,False,6,True,DOUBLE,-1.185185,162
17,False,7,False,HIT,-0.496333,409
17,False,7,False,STAND,-0.110003,3309
17,False,7,True,HIT,-0.549383,162
17,False,7,True,STAND,-0.130297,1888
17,False,7,True,DOUBLE,-0.912088,182
17,False,8,False,HIT,-0.500849,589
17,False,8,False,STAND,-0.391805,3124
17,False,8,True,HIT,-0.544910,167
17,False,8,True,STAND,-0.403768,1964
17,False,8,True,DOUBLE,-1.051948,154
17,False,9,False,HIT,-0.528184,479
17,False,9,False,STAND,-0.446235,3227
17,False,9,True,HIT,-0.546377,690
17,False,9,True,STAND,-0.418246,1425
17,False,9,True,DOUBLE,-0.988506,174
17,False,10,False,HIT,-0.610158,1516
17,False,10,False,STAND,-0.469056,13088
17,False,10,True,HIT,-0.588117,993
17,False,10,True,STAND,-0.464588,7314
17,False,10,True,DOUBLE,-1.190323,620
17,True,1,False,HIT,-0.404255,235
17,True,1,False,STAND,-0.582418,91
17,True,1,True,HIT,-0.469231,390
17,True,1,True,STAND,-0.729730,37
17,True,1,True,DOUBLE,-1.575758,33
17,True,2,False,HIT,0.067010,194
17,True,2,False,STAND,-0.195489,133
17,True,2,True,HIT,-0.099010,303
17,True,2,True,STAND,-0.107143,28
17,True,2,True,DOUBLE,-0.192000,125
17,True,3,False,HIT,0.030769,260
17,True,3,False,STAND,-0.085366,82
17,True,3,True,HIT,-0.419355,31
17,True,3,True,STAND,-0.183673,49
17,True,3,True,DOUBLE,0.127778,360
17,True,4,False,HIT,0.023569,297
17,True,4,False,STAND,-0.261905,42
17,True,4,True,HIT,-0.243243,37
17,True,4,True,STAND,-0.066667,30
17,True,4,True,DOUBLE,0.213115,366
17,True,5,False,HIT,-0.057239,297
17,True,5,False,STAND,-0.088889,45
17,True,5,True,HIT,0.028571,35
17,True,5,True,STAND,0.169811,53
17,True,5,True,DOUBLE,0.299213,381
17,True,6,False,HIT,0.169231,325
17,True,6,False,STAND,0.083333,36
17,True,6,True,HIT,-0.068966,29
17,True,6,True,STAND,-0.071429,42
17,True,6,True,DOUBLE,0.360097,411
17,True,7,False,HIT,-0.012552,239
17,True,7,False,STAND,-0.161290,62
17,True,7,True,HIT,-0.194444,36
17,True,7,True,STAND,-0.200000,40
17,True,7,True,DOUBLE,0.074667,375
17,True,8,False,HIT,-0.281690,71
17,True,8,False,STAND,-0.266212,293
17,True,8,True,HIT,-0.154110,292
17,True,8,True,STAND,-0.333333,36
17,True,8,True,DOUBLE,-0.157895,152
17,True,9,False,HIT,-0.130909,275
17,True,9,False,STAND,-0.345455,55
17,True,9,True,HIT,-0.130667,375
17,True,9,True,STAND,-0.515152,33
17,True,9,True,DOUBLE,0.027027,74
17,True,10,False,HIT,-0.320288,1252
17,True,10,False,STAND,-0.552846,123
17,True,10,True,HIT,-0.284369,1593
17,True,10,True,STAND,-0.553398,103
17,True,10,True,DOUBLE,-0.702703,148
18,False,1,False,HIT,-0.795918,392
18,False,1,False,STAND,-0.375874,3432
18,False,1,True,HIT,-0.671053,152
18,False,1,True,STAND,-0.393990,1797
18,False,1,True,DOUBLE,-1.274074,135
18,False,2,False,HIT,-0.687831,378
18,False,2,False,STAND,0.094996,3537
18,False,2,True,HIT,-0.643836,146
18,False,2,True,STAND,0.133558,1782
18,False,2,True,DOUBLE,-1.438849,139
18,False,3,False,HIT,-0.604972,362
18,False,3,False,STAND,0.146705,3490
18,False,3,True,HIT,-0.644970,169
18,False,3,True,STAND,0.172376,1839
18,False,3,True,DOUBLE,-1.337838,148
18,False,4,False,HIT,-0.627778,360
18,False,4,False,STAND,0.182104,3498
18,False,4,True,HIT,-0.608000,125
18,False,4,True,STAND,0.160161,1742
18,False,4,True,DOUBLE,-1.067568,148
18,False,5,False,HIT,-0.545685,394
18,False,5,False,STAND,0.180779,3413
18,False,5,True,HIT,-0.666667,156
18,False,5,True,STAND,0.202061,1747
18,False,5,True,DOUBLE,-1.223684,152
18,False,6,False,HIT,-0.616667,360
18,False,6,False,STAND,0.301010,3465
18,False,6,True,HIT,-0.622378,143
18,False,6,True,STAND,0.315944,1706
18,False,6,True,DOUBLE,-1.084967,153
18,False,7,False,HIT,-0.633663,404
18,False,7,False,STAND,0.404416,3442
18,False,7,True,HIT,-0.553191,141
18,False,7,True,STAND,0.401724,1740
18,False,7,True,DOUBLE,-1.180556,144
18,False,8,False,HIT,-0.602041,392
18,False,8,False,STAND,0.108100,3469
18,False,8,True,HIT,-0.608108,148
18,False,8,True,STAND,0.119956,1809
18,False,8,True,DOUBLE,-1.036496,137
18,False,9,False,HIT,-0.664286,420
18,False,9,False,STAND,-0.155421,3468
18,False,9,True,HIT,-0.541096,146
18,False,9,True,STAND,-0.182584,1780
18,False,9,True,DOUBLE,-1.057971,138
18,False,10,False,HIT,-0.655894,1578
18,False,10,False,STAND,-0.241467,13828
18,False,10,True,HIT,-0.661290,496
18,False,10,True,STAND,-0.223926,7172
18,False,10,True,DOUBLE,-1.364621,554
18,True,1,False,HIT,-0.574468,47
18,True,1,False,STAND,-0.389474,380
18,True,1,True,HIT,-0.500000,34
18,True,1,True,STAND,-0.354271,398
18,True,1,True,DOUBLE,-1.000000,40
18,True,2,False,HIT,0.008982,334
18,True,2,False,STAND,-0.083333,72
18,True,2,True,HIT,-0.027027,37
18,True,2,True,STAND,0.117647,68
18,True,2,True,DOUBLE,0.154696,362
18,True,3,False,HIT,0.135021,237
18,True,3,False,STAND,0.229665,209
18,True,3,True,HIT,-0.250000,32
18,True,3,True,STAND,0.056452,124
18,True,3,True,DOUBLE,0.154839,310
18,True,4,False,HIT,0.178571,364
18,True,4,False,STAND,0.105263,57
18,True,4,True,HIT,0.141304,92
18,True,4,True,STAND,0.220736,299
18,True,4,True,DOUBLE,0.208955,67
18,True,5,False,HIT,0.195652,46
18,True,5,False,STAND,0.296296,405
18,True,5,True,HIT,0.167553,376
18,True,5,True,STAND,-0.100000,30
18,True,5,True,DOUBLE,0.064516,31
18,True,6,False,HIT,0.230971,381
18,True,6,False,STAND,0.169492,59
18,True,6,True,HIT,0.111111,27
18,True,6,True,STAND,0.142857,21
18,True,6,True,DOUBLE,0.385787,394
18,True,7,False,HIT,0.081633,49
18,True,7,False,STAND,0.367089,395
18,True,7,True,HIT,-0.041667,48
18,True,7,True,STAND,0.336842,95
18,True,7,True,DOUBLE,0.229965,287
18,True,8,False,HIT,0.076923,52
18,True,8,False,STAND,0.088889,360
18,True,8,True,HIT,-0.103448,29
18,True,8,True,STAND,0.120112,358
18,True,8,True,DOUBLE,-0.500000,28
18,True,9,False,HIT,-0.094697,264
18,True,9,False,STAND,-0.143713,167
18,True,9,True,HIT,-0.230284,317
18,True,9,True,STAND,-0.365854,41
18,True,9,True,DOUBLE,-0.356436,101
18,True,10,False,HIT,-0.186613,493
18,True,10,False,STAND,-0.195021,1205
18,True,10,True,HIT,-0.241914,1484
18,True,10,True,STAND,-0.298780,164
18,True,10,True,DOUBLE,-0.638889,144
19,False,1,False,HIT,-0.825980,408
19,False,1,False,STAND,-0.131247,3642
19,False,1,True,HIT,-0.841667,120
19,False,1,True,STAND,-0.119696,1579
19,False,1,True,DOUBLE,-1.518797,133
19,False,2,False,HIT,-0.778338,397
19,False,2,False,STAND,0.394783,3450
19,False,2,True,HIT,-0.705882,102
19,False,2,True,STAND,0.379332,1587
19,False,2,True,DOUBLE,-1.390625,128
19,False,3,False,HIT,-0.709845,386
19,False,3,False,STAND,0.409449,3556
19,False,3,True,HIT,-0.750000,120
19,False,3,True,STAND,0.408623,1554
19,False,3,True,DOUBLE,-1.272727,121
19,False,4,False,HIT,-0.726098,387
19,False,4,False,STAND,0.409279,3621
19,False,4,True,HIT,-0.761194,134
19,False,4,True,STAND,0.405740,1533
19,False,4,True,DOUBLE,-1.393939,132
19,False,5,False,HIT,-0.736264,364
19,False,5,False,STAND,0.431335,3619
19,False,5,True,HIT,-0.700000,120
19,False,5,True,STAND,0.445161,1550
19,False,5,True,DOUBLE,-1.520661,121
19,False,6,False,HIT,-0.731383,376
19,False,6,False,STAND,0.507149,3567
19,False,6,True,HIT,-0.860870,115
19,False,6,True,STAND,0.496770,1548
19,False,6,True,DOUBLE,-1.301587,126
19,False,7,False,HIT,-0.716707,413
19,False,7,False,STAND,0.629854,3631
19,False,7,True,HIT,-0.769912,113
19,False,7,True,STAND,0.618837,1582
19,False,7,True,DOUBLE,-1.212121,132
19,False,8,False,HIT,-0.762025,395
19,False,8,False,STAND,0.593182,3579
19,False,8,True,HIT,-0.785124,121
19,False,8,True,STAND,0.596825,1575
19,False,8,True,DOUBLE,-1.491525,118
19,False,9,False,HIT,-0.750000,376
19,False,9,False,STAND,0.272702,3579
19,False,9,True,HIT,-0.682540,126
19,False,9,True,STAND,0.304267,1617
19,False,9,True,DOUBLE,-1.476923,130
19,False,10,False,HIT,-0.754729,1586
19,False,10,False,STAND,-0.014580,14472
19,False,10,True,HIT,-0.755027,547
19,False,10,True,STAND,-0.001760,6251
19,False,10,True,DOUBLE,-1.501014,493
19,True,1,False,HIT,-0.690476,42
19,True,1,False,STAND,-0.075789,475
19,True,1,True,HIT,-0.354396,364
19,True,1,True,STAND,-0.375000,48
19,True,1,True,DOUBLE,-0.903226,31
19,True,2,False,HIT,-0.424242,33
19,True,2,False,STAND,0.377682,466
19,True,2,True,HIT,0.194444,36
19,True,2,True,STAND,0.367758,397
19,True,2,True,DOUBLE,-0.057143,35
19,True,3,False,HIT,0.183099,71
19,True,3,False,STAND,0.441113,467
19,True,3,True,HIT,0.200000,55
19,True,3,True,STAND,0.395161,372
19,True,3,True,DOUBLE,0.315789,57
19,True,4,False,HIT,0.302632,76
19,True,4,False,STAND,0.474699,415
19,True,4,True,HIT,-0.078947,76
19,True,4,True,STAND,0.375758,330
19,True,4,True,DOUBLE,0.327273,55
19,True,5,False,HIT,0.040816,49
19,True,5,False,STAND,0.481562,461
19,True,5,True,HIT,0.306818,88
19,True,5,True,STAND,0.383929,336
19,True,5,True,DOUBLE,-0.125000,32
19,True,6,False,HIT,-0.052632,57
19,True,6,False,STAND,0.475556,450
19,True,6,True,HIT,0.171429,35
19,True,6,True,STAND,0.490667,375
19,True,6,True,DOUBLE,0.160000,25
19,True,7,False,HIT,0.340000,50
19,True,7,False,STAND,0.635575,461
19,True,7,True,HIT,-0.016393,61
19,True,7,True,STAND,0.586022,372
19,True,7,True,DOUBLE,-0.142857,28
19,True,8,False,HIT,0.085714,70
19,True,8,False,STAND,0.630979,439
19,True,8,True,HIT,0.214286,56
19,True,8,True,STAND,0.616967,389
19,True,8,True,DOUBLE,0.000000,29
19,True,9,False,HIT,-0.125000,64
19,True,9,False,STAND,0.261364,440
19,True,9,True,HIT,0.042714,398
19,True,9,True,STAND,-0.142857,28
19,True,9,True,DOUBLE,0.086957,46
19,True,10,False,HIT,-0.071685,279
19,True,10,False,STAND,-0.050987,1824
19,True,10,True,HIT,-0.175000,120
19,True,10,True,STAND,-0.049268,1502
19,True,10,True,DOUBLE,-0.507463,134
20,False,1,False,HIT,-0.885366,410
20,False,1,False,STAND,0.140561,3671
20,False,1,True,HIT,-0.892000,250
20,False,1,True,STAND,0.148598,3210
20,False,1,True,DOUBLE,-1.731801,261
20,False,2,False,HIT,-0.858491,424
20,False,2,False,STAND,0.643662,3637
20,False,2,True,HIT,-0.879845,258
20,False,2,True,STAND,0.649782,3218
20,False,2,True,DOUBLE,-1.679012,243
20,False,3,False,HIT,-0.819588,388
20,False,3,False,STAND,0.659598,3631
20,False,3,True,HIT,-0.859922,257
20,False,3,True,STAND,0.654992,3255
20,False,3,True,DOUBLE,-1.755459,229
20,False,4,False,HIT,-0.842723,426
20,False,4,False,STAND,0.650263,3617
20,False,4,True,HIT,-0.873016,252
20,False,4,True,STAND,0.660652,3159
20,False,4,True,DOUBLE,-1.725000,240
20,False,5,False,HIT,-0.837104,442
20,False,5,False,STAND,0.659229,3630
20,False,5,True,HIT,-0.886640,247
20,False,5,True,STAND,0.667745,3091
20,False,5,True,DOUBLE,-1.737052,251
20,False,6,False,HIT,-0.879518,415
20,False,6,False,STAND,0.680909,3698
20,False,6,True,HIT,-0.857143,245
20,False,6,True,STAND,0.709347,3124
20,False,6,True,DOUBLE,-1.845588,272
20,False,7,False,HIT,-0.811705,393
20,False,7,False,STAND,0.783213,3598
20,False,7,True,HIT,-0.853556,239
20,False,7,True,STAND,0.785119,3118
20,False,7,True,DOUBLE,-1.574468,235
20,False,8,False,HIT,-0.816176,408
20,False,8,False,STAND,0.800000,3820
20,False,8,True,HIT,-0.835878,262
20,False,8,True,STAND,0.790547,3237
20,False,8,True,DOUBLE,-1.763158,228
20,False,9,False,HIT,-0.827982,436
20,False,9,False,STAND,0.767033,3640
20,False,9,True,HIT,-0.825758,264
20,False,9,True,STAND,0.772480,3125
20,False,9,True,DOUBLE,-1.629630,216
20,False,10,False,HIT,-0.855651,1628
20,False,10,False,STAND,0.442856,14761
20,False,10,True,HIT,-0.873340,979
20,False,10,True,STAND,0.446008,12576
20,False,10,True,DOUBLE,-1.688623,1002
20,True,1,False,HIT,-0.333333,51
20,True,1,False,STAND,0.168582,522
20,True,1,True,HIT,-0.444444,27
20,True,1,True,STAND,0.118310,355
20,True,1,True,DOUBLE,-0.558824,68
20,True,2,False,HIT,0.017544,57
20,True,2,False,STAND,0.648045,537
20,True,2,True,HIT,0.035714,28
20,True,2,True,STAND,0.683951,405
20,True,2,True,DOUBLE,0.060606,33
20,True,3,False,HIT,0.153846,65
20,True,3,False,STAND,0.645833,576
20,True,3,True,HIT,-0.195122,41
20,True,3,True,STAND,0.660167,359
20,True,3,True,DOUBLE,0.588235,34
20,True,4,False,HIT,0.295082,61
20,True,4,False,STAND,0.628942,539
20,True,4,True,HIT,0.169811,53
20,True,4,True,STAND,0.686981,361
20,True,4,True,DOUBLE,0.360000,50
20,True,5,False,HIT,0.393443,61
20,True,5,False,STAND,0.720000,500
20,True,5,True,HIT,0.027778,36
20,True,5,True,STAND,0.700000,310
20,True,5,True,DOUBLE,0.508475,59
20,True,6,False,HIT,0.215385,65
20,True,6,False,STAND,0.753346,523
20,True,6,True,HIT,0.130000,100
20,True,6,True,STAND,0.653295,349
20,True,6,True,DOUBLE,0.173913,23
20,True,7,False,HIT,0.333333,63
20,True,7,False,STAND,0.797203,572
20,True,7,True,HIT,0.035714,28
20,True,7,True,STAND,0.815789,380
20,True,7,True,DOUBLE,0.193548,31
20,True,8,False,HIT,0.216667,60
20,True,8,False,STAND,0.772973,555
20,True,8,True,HIT,0.535714,28
20,True,8,True,STAND,0.718833,377
20,True,8,True,DOUBLE,0.619718,71
20,True,9,False,HIT,0.035088,57
20,True,9,False,STAND,0.819767,516
20,True,9,True,HIT,0.064516,31
20,True,9,True,STAND,0.808571,350
20,True,9,True,DOUBLE,0.181818,33
20,True,10,False,HIT,-0.034749,259
20,True,10,False,STAND,0.460845,2107
20,True,10,True,HIT,-0.171429,140
20,True,10,True,STAND,0.439177,1603
20,True,10,True,DOUBLE,-0.086957,115
21,False,1,False,HIT,-1.000000,486
21,False,1,False,STAND,0.342370,4279
21,False,2,False,HIT,-1.000000,491
21,False,2,False,STAND,0.876476,4404
21,False,3,False,HIT,-1.000000,507
21,False,3,False,STAND,0.887330,4420
21,False,4,False,HIT,-1.000000,454
21,False,4,False,STAND,0.890326,4331
21,False,5,False,HIT,-1.000000,479
21,False,5,False,STAND,0.894773,4381
21,False,6,False,HIT,-1.000000,484
21,False,6,False,STAND,0.904087,4306
21,False,7,False,HIT,-1.000000,526
21,False,7,False,STAND,0.933813,4306
21,False,8,False,HIT,-1.000000,480
21,False,8,False,STAND,0.929845,4376
21,False,9,False,HIT,-1.000000,434
21,False,9,False,STAND,0.942119,4492
21,False,10,False,HIT,-1.000000,1877
21,False,10,False,STAND,0.810124,17543
21,True,1,False,HIT,-0.354430,79
21,True,1,False,STAND,0.386288,598
21,True,1,True,HIT,-0.284553,123
21,True,1,True,STAND,1.031062,1497
21,True,1,True,DOUBLE,-0.867925,106
21,True,2,False,HIT,0.218750,64
21,True,2,False,STAND,0.887640,623
21,True,2,True,HIT,0.316176,136
21,True,2,True,STAND,1.500000,1548
21,True,2,True,DOUBLE,0.558140,129
21,True,3,False,HIT,0.121951,82
21,True,3,False,STAND,0.922570,607
21,True,3,True,HIT,0.238806,134
21,True,3,True,STAND,1.500000,1607
21,True,3,True,DOUBLE,0.424242,132
21,True,4,False,HIT,0.126761,71
21,True,4,False,STAND,0.890411,584
21,True,4,True,HIT,0.282258,124
21,True,4,True,STAND,1.500000,1500
21,True,4,True,DOUBLE,0.635659,129
21,True,5,False,HIT,0.278689,61
21,True,5,False,STAND,0.901338,598
21,True,5,True,HIT,0.300000,120
21,True,5,True,STAND,1.500000,1498
21,True,5,True,DOUBLE,0.880000,125
21,True,6,False,HIT,0.346154,78
21,True,6,False,STAND,0.920000,600
21,True,6,True,HIT,0.159664,119
21,True,6,True,STAND,1.500000,1593
21,True,6,True,DOUBLE,0.552846,123
21,True,7,False,HIT,0.059701,67
21,True,7,False,STAND,0.941880,585
21,True,7,True,HIT,0.204918,122
21,True,7,True,STAND,1.500000,1605
21,True,7,True,DOUBLE,0.351145,131
21,True,8,False,HIT,0.208333,72
21,True,8,False,STAND,0.935315,572
21,True,8,True,HIT,0.135593,118
21,True,8,True,STAND,1.500000,1608
21,True,8,True,DOUBLE,0.160000,125
21,True,9,False,HIT,0.075758,66
21,True,9,False,STAND,0.960064,626
21,True,9,True,HIT,0.220472,127
21,True,9,True,STAND,1.500000,1554
21,True,9,True,DOUBLE,0.542373,118
21,True,10,False,HIT,-0.081181,271
21,True,10,False,STAND,0.829630,2430
21,True,10,True,HIT,0.000000,444
21,True,10,True,STAND,1.383872,6368
21,True,10,True,DOUBLE,0.008351,479
